city,lon,lat,weather_main,weather_description,temp,feels_like,temp_min,temp_max,pressure,humidity,visibility,wind_speed,wind_deg,clouds_all,dt,sunrise,sunset,country,aqi,co,no,no2,o3,so2,pm2_5,pm10,nh3,air_quality_dt
Lahore,74.3436,31.5497,Smoke,smoke,284.14,283.15,284.14,284.14,1020,71,4000,0,0,1,26/12/2024 19:59,27/12/2024 2:00,27/12/2024 12:06,PK,5,3311.16,1.75,74.03,4.92,6.62,393.77,489,15.96,26/12/2024 20:00
Karachi,67.0822,24.9056,Haze,haze,289.05,287.51,289.05,289.05,1020,31,5000,3.09,30,0,26/12/2024 19:56,27/12/2024 2:14,27/12/2024 12:50,PK,5,807.76,0,12.51,114.44,13.11,96.04,121.54,7.6,26/12/2024 20:00
Islamabad,73.1338,33.7104,Clear,clear sky,281.95,280.93,281.95,281.95,1021,66,10000,2.02,43,0,26/12/2024 19:58,27/12/2024 2:10,27/12/2024 12:06,PK,5,4592.9,70.63,120.64,0,13.35,169.53,229.4,27.61,26/12/2024 20:00
Lahore,74.3436,31.5497,Clouds,overcast clouds,284.14,283.57,284.14,284.14,1020,87,1000,1.54,220,100,27/12/2024 6:38,27/12/2024 2:00,27/12/2024 12:06,PK,5,3952.03,14.75,89.11,101.57,25.75,412.97,487.37,16.21,27/12/2024 6:40
Karachi,67.0822,24.9056,Haze,haze,294.05,292.8,294.05,294.05,1022,23,4000,1.54,360,0,27/12/2024 6:28,27/12/2024 2:14,27/12/2024 12:50,PK,4,734.33,2.65,14.57,124.45,12.28,57.58,85.18,8.11,27/12/2024 6:40
Islamabad,73.1338,33.7104,Clouds,few clouds,290.84,289.79,290.84,290.84,1021,43,10000,2.47,202,20,27/12/2024 6:39,27/12/2024 2:10,27/12/2024 12:06,PK,5,1922.61,11.29,54.15,80.11,26.46,116.31,137.06,9.37,27/12/2024 6:40
Lahore,74.3436,31.5497,Clouds,overcast clouds,284.14,283.57,284.14,284.14,1020,87,1000,1.54,220,100,27/12/2024 6:38,27/12/2024 2:00,27/12/2024 12:06,PK,5,3952.03,14.75,89.11,101.57,25.75,412.97,487.37,16.21,27/12/2024 6:40
Karachi,67.0822,24.9056,Haze,haze,294.05,292.8,294.05,294.05,1021,23,4000,1.54,360,0,27/12/2024 6:36,27/12/2024 2:14,27/12/2024 12:50,PK,4,734.33,2.65,14.57,124.45,12.28,57.58,85.18,8.11,27/12/2024 6:40
Islamabad,73.1338,33.7104,Clouds,few clouds,290.84,289.79,290.84,290.84,1021,43,10000,2.47,202,20,27/12/2024 6:39,27/12/2024 2:10,27/12/2024 12:06,PK,5,1922.61,11.29,54.15,80.11,26.46,116.31,137.06,9.37,27/12/2024 6:40
Lahore,74.3436,31.5497,Clouds,overcast clouds,284.14,283.57,284.14,284.14,1020,87,1000,1.54,220,100,27/12/2024 6:38,27/12/2024 2:00,27/12/2024 12:06,PK,5,3952.03,14.75,89.11,101.57,25.75,412.97,487.37,16.21,27/12/2024 6:40
Karachi,67.0822,24.9056,Haze,haze,294.05,292.8,294.05,294.05,1021,23,4000,1.54,360,0,27/12/2024 6:36,27/12/2024 2:14,27/12/2024 12:50,PK,4,734.33,2.65,14.57,124.45,12.28,57.58,85.18,8.11,27/12/2024 6:40
Islamabad,73.1338,33.7104,Clouds,few clouds,290.84,289.79,290.84,290.84,1021,43,10000,2.47,202,20,27/12/2024 6:39,27/12/2024 2:10,27/12/2024 12:06,PK,5,1922.61,11.29,54.15,80.11,26.46,116.31,137.06,9.37,27/12/2024 6:40
Lahore,74.3436,31.5497,Mist,mist,286.14,285.79,286.14,286.14,1019,88,800,3.09,40,100,27/12/2024 9:30,27/12/2024 2:00,27/12/2024 12:06,PK,5,2777.1,3.58,63.06,155.93,40.05,344.28,409.48,17.73,27/12/2024 9:42
Karachi,67.0822,24.9056,Haze,haze,299.05,297.98,299.05,299.05,1018,11,4000,2.57,340,0,27/12/2024 9:40,27/12/2024 2:14,27/12/2024 12:50,PK,3,614.17,1.93,12.34,124.45,10.01,41.92,65.27,6.71,27/12/2024 9:42
Islamabad,73.1338,33.7104,Clouds,broken clouds,289.73,288.88,289.73,289.73,1019,55,10000,1.58,115,78,27/12/2024 9:39,27/12/2024 2:10,27/12/2024 12:06,PK,5,1762.39,6.87,56.89,82.97,12.76,120.34,144.3,13.68,27/12/2024 9:42
Lahore,74.3436,31.5497,Mist,mist,286.14,285.79,286.14,286.14,1019,88,800,3.09,40,100,27/12/2024 9:30,27/12/2024 2:00,27/12/2024 12:06,PK,5,2777.1,3.58,63.06,155.93,40.05,344.28,409.48,17.73,27/12/2024 9:42
Karachi,67.0822,24.9056,Haze,haze,299.05,297.98,299.05,299.05,1018,11,4000,2.57,340,0,27/12/2024 9:40,27/12/2024 2:14,27/12/2024 12:50,PK,3,614.17,1.93,12.34,124.45,10.01,41.92,65.27,6.71,27/12/2024 9:42
Islamabad,73.1338,33.7104,Clouds,broken clouds,289.73,288.88,289.73,289.73,1019,55,10000,1.58,115,78,27/12/2024 9:39,27/12/2024 2:10,27/12/2024 12:06,PK,5,1762.39,6.87,56.89,82.97,12.76,120.34,144.3,13.68,27/12/2024 9:42
Lahore,74.3436,31.5497,Mist,mist,286.14,285.79,286.14,286.14,1019,88,800,3.09,40,100,27/12/2024 9:30,27/12/2024 2:00,27/12/2024 12:06,PK,5,2777.1,3.58,63.06,155.93,40.05,344.28,409.48,17.73,27/12/2024 9:42
Karachi,67.0822,24.9056,Haze,haze,299.05,297.98,299.05,299.05,1018,11,4000,2.57,340,0,27/12/2024 9:40,27/12/2024 2:14,27/12/2024 12:50,PK,3,614.17,1.93,12.34,124.45,10.01,41.92,65.27,6.71,27/12/2024 9:42
Islamabad,73.1338,33.7104,Clouds,broken clouds,289.73,288.88,289.73,289.73,1019,55,10000,1.58,115,78,27/12/2024 9:39,27/12/2024 2:10,27/12/2024 12:06,PK,5,1762.39,6.87,56.89,82.97,12.76,120.34,144.3,13.68,27/12/2024 9:42
Lahore,74.3436,31.5497,Clouds,overcast clouds,284.14,283.72,284.14,284.14,1019,93,600,4.12,50,100,27/12/2024 9:56,27/12/2024 2:00,27/12/2024 12:06,PK,5,2777.1,3.58,63.06,155.93,40.05,344.28,409.48,17.73,27/12/2024 10:00
Karachi,67.0822,24.9056,Haze,haze,299.05,297.98,299.05,299.05,1018,11,4000,2.57,340,0,27/12/2024 9:51,27/12/2024 2:14,27/12/2024 12:50,PK,3,614.17,1.93,12.34,124.45,10.01,41.92,65.27,6.71,27/12/2024 10:00
Islamabad,73.1338,33.7104,Clouds,broken clouds,291.35,289.96,291.35,291.35,1019,28,10000,1.58,115,78,27/12/2024 9:59,27/12/2024 2:10,27/12/2024 12:06,PK,5,1762.39,6.87,56.89,82.97,12.76,120.34,144.3,13.68,27/12/2024 10:00
Lahore,74.3436,31.5497,Clouds,overcast clouds,284.14,283.72,284.14,284.14,1020,93,1000,3.09,40,100,27/12/2024 13:58,27/12/2024 2:00,27/12/2024 12:06,PK,5,2803.8,0.07,97.33,29.68,26.94,227.93,254.84,22.29,27/12/2024 13:58
Karachi,67.0822,24.9056,Haze,haze,293.05,292.14,293.05,293.05,1020,40,4000,3.09,150,0,27/12/2024 13:56,27/12/2024 2:14,27/12/2024 12:50,PK,5,3204.35,15.42,112.41,1.65,27.9,149.9,192.98,39.52,27/12/2024 13:58
Islamabad,73.1338,33.7104,Clouds,broken clouds,285.84,285.02,285.84,285.84,1021,71,10000,3.08,49,52,27/12/2024 13:58,27/12/2024 2:10,27/12/2024 12:06,PK,5,5874.63,72.42,208.38,0,25.03,262.3,323.13,45.6,27/12/2024 13:58
Lahore,74.3436,31.5497,Clouds,overcast clouds,284.14,283.72,284.14,284.14,1020,93,1000,3.09,40,100,27/12/2024 13:53,27/12/2024 2:00,27/12/2024 12:06,PK,5,2803.8,0.07,97.33,29.68,26.94,227.93,254.84,22.29,27/12/2024 13:58
Karachi,67.0822,24.9056,Haze,haze,293.05,292.14,293.05,293.05,1020,40,4000,3.09,150,0,27/12/2024 13:48,27/12/2024 2:14,27/12/2024 12:50,PK,5,3204.35,15.42,112.41,1.65,27.9,149.9,192.98,39.52,27/12/2024 13:58
Islamabad,73.1338,33.7104,Clouds,broken clouds,285.84,285.02,285.84,285.84,1021,71,10000,3.08,49,52,27/12/2024 13:58,27/12/2024 2:10,27/12/2024 12:06,PK,5,5874.63,72.42,208.38,0,25.03,262.3,323.13,45.6,27/12/2024 13:58
Lahore,74.3436,31.5497,Clouds,overcast clouds,284.14,283.72,284.14,284.14,1020,93,1000,3.09,40,100,27/12/2024 13:53,27/12/2024 2:00,27/12/2024 12:06,PK,5,2803.8,0.07,97.33,29.68,26.94,227.93,254.84,22.29,27/12/2024 13:58
Karachi,67.0822,24.9056,Haze,haze,293.05,292.14,293.05,293.05,1020,40,4000,3.09,150,0,27/12/2024 13:56,27/12/2024 2:14,27/12/2024 12:50,PK,5,3204.35,15.42,112.41,1.65,27.9,149.9,192.98,39.52,27/12/2024 14:00
Islamabad,73.1338,33.7104,Clouds,broken clouds,285.84,285.02,285.84,285.84,1021,71,10000,3.08,49,52,27/12/2024 13:58,27/12/2024 2:10,27/12/2024 12:06,PK,5,5874.63,72.42,208.38,0,25.03,262.3,323.13,45.6,27/12/2024 13:58
Lahore,74.3436,31.5497,Mist,mist,284.14,283.72,284.14,284.14,1020,93,1500,1.54,360,100,27/12/2024 14:55,27/12/2024 2:00,27/12/2024 12:06,PK,5,2937.32,0.36,101.45,16.99,23.84,214.3,246.32,21.03,27/12/2024 15:00
Karachi,67.0822,24.9056,Haze,haze,291.05,290.15,291.05,291.05,1020,48,4000,2.06,100,0,27/12/2024 15:00,27/12/2024 2:14,27/12/2024 12:50,PK,5,4165.65,39.79,102.82,0,33.85,217.59,269.75,54.21,27/12/2024 15:00
Islamabad,73.1338,33.7104,Clouds,broken clouds,285.28,284.43,285.28,285.28,1021,72,10000,3.02,99,62,27/12/2024 15:00,27/12/2024 2:10,27/12/2024 12:06,PK,5,6835.94,81.36,227.57,0,20.98,283.34,348.92,39.52,27/12/2024 15:00
Lahore,74.3436,31.5497,Mist,mist,284.14,283.72,284.14,284.14,1020,93,1500,2.57,20,75,27/12/2024 15:57,27/12/2024 2:00,27/12/2024 12:06,PK,5,3738.4,8.61,115.16,2.68,20.5,263.19,309.6,19.76,27/12/2024 16:00
Karachi,67.0822,24.9056,Haze,haze,289.05,288.13,289.05,289.05,1020,55,4000,2.57,70,0,27/12/2024 15:58,27/12/2024 2:14,27/12/2024 12:50,PK,5,4486.08,47.39,91.85,0,34.33,255.02,313.7,60.29,27/12/2024 16:00
Islamabad,73.1338,33.7104,Clouds,broken clouds,284.17,283.26,284.17,284.17,1022,74,10000,3.29,126,74,27/12/2024 15:59,27/12/2024 2:10,27/12/2024 12:06,PK,5,6141.66,63.48,200.15,0,11.56,252.52,310.36,28.37,27/12/2024 16:00
Lahore,74.3436,31.5497,Mist,mist,284.14,283.72,284.14,284.14,1020,93,2000,2.57,60,75,27/12/2024 16:47,27/12/2024 2:00,27/12/2024 12:06,PK,5,5020.14,33.53,122.01,0,17.64,350.64,419.35,19.76,27/12/2024 17:00
Karachi,67.0822,24.9056,Haze,haze,289.05,288.24,289.05,289.05,1021,59,4000,3.09,50,0,27/12/2024 16:47,27/12/2024 2:14,27/12/2024 12:50,PK,5,4539.49,49.17,80.88,0,32.9,266.74,327.06,61.81,27/12/2024 17:00
Lahore,74.3436,31.5497,Mist,mist,284.14,283.72,284.14,284.14,1020,93,2500,1.54,30,75,27/12/2024 18:00,27/12/2024 2:00,27/12/2024 12:06,PK,5,6034.85,56.77,123.38,0,16.45,423.15,506.76,19.76,27/12/2024 18:00
Karachi,67.0822,24.9056,Haze,haze,288.05,286.67,288.05,288.05,1020,41,4000,2.06,60,0,27/12/2024 17:58,27/12/2024 2:14,27/12/2024 12:50,PK,5,4165.65,46.05,71.97,0,27.66,246.15,302.51,54.72,27/12/2024 18:00
Islamabad,73.1338,33.7104,Clouds,broken clouds,283.06,282.01,283.06,283.06,1022,79,10000,2.3,36,83,27/12/2024 17:57,27/12/2024 2:10,27/12/2024 12:06,PK,5,2937.32,19.89,93.22,0.06,3.99,150.67,197.24,17.23,27/12/2024 18:00
Lahore,74.3436,31.5497,Smoke,smoke,288.14,287.44,288.14,288.14,1018,67,2500,1.54,150,20,28/12/2024 8:55,28/12/2024 2:00,28/12/2024 12:07,PK,4,934.6,2.91,23.31,105.86,32.42,68.11,88.24,4.37,28/12/2024 8:56
Karachi,67.0822,24.9056,Haze,haze,298.05,297.01,298.05,298.05,1019,16,5000,1.54,340,0,28/12/2024 8:53,28/12/2024 2:15,28/12/2024 12:51,PK,3,567.44,1.9,11.31,137.33,11.33,31.34,57.45,6.14,28/12/2024 8:56
Islamabad,73.1338,33.7104,Clouds,few clouds,289.17,288.37,289.17,289.17,1018,59,10000,2.05,198,22,28/12/2024 8:54,28/12/2024 2:11,28/12/2024 12:06,PK,5,1762.39,6.76,41.13,100.14,13.95,151.71,174.04,9.37,28/12/2024 8:56
Lahore,74.3436,31.5497,Smoke,smoke,288.14,287.44,288.14,288.14,1018,67,2500,1.54,150,20,28/12/2024 8:56,28/12/2024 2:00,28/12/2024 12:07,PK,4,934.6,2.91,23.31,105.86,32.42,68.11,88.24,4.37,28/12/2024 8:56
Karachi,67.0822,24.9056,Haze,haze,298.05,297.01,298.05,298.05,1019,16,5000,1.54,340,0,28/12/2024 8:53,28/12/2024 2:15,28/12/2024 12:51,PK,3,567.44,1.9,11.31,137.33,11.33,31.34,57.45,6.14,28/12/2024 8:56
Islamabad,73.1338,33.7104,Clouds,few clouds,289.17,288.37,289.17,289.17,1018,59,10000,2.05,198,22,28/12/2024 8:54,28/12/2024 2:11,28/12/2024 12:06,PK,5,1762.39,6.76,41.13,100.14,13.95,151.71,174.04,9.37,28/12/2024 8:56
Lahore,74.3436,31.5497,Smoke,smoke,288.14,287.44,288.14,288.14,1018,67,2500,1.54,150,20,28/12/2024 8:56,28/12/2024 2:00,28/12/2024 12:07,PK,4,934.6,2.91,23.31,105.86,32.42,68.11,88.24,4.37,28/12/2024 8:56
Karachi,67.0822,24.9056,Haze,haze,298.05,297.01,298.05,298.05,1019,16,5000,1.54,340,0,28/12/2024 8:56,28/12/2024 2:15,28/12/2024 12:51,PK,3,567.44,1.9,11.31,137.33,11.33,31.34,57.45,6.14,28/12/2024 8:56
Islamabad,73.1338,33.7104,Clouds,few clouds,289.17,288.37,289.17,289.17,1018,59,10000,2.05,198,22,28/12/2024 8:54,28/12/2024 2:11,28/12/2024 12:06,PK,5,1762.39,6.76,41.13,100.14,13.95,151.71,174.04,9.37,28/12/2024 8:56
Lahore,74.3436,31.5497,Smoke,smoke,288.14,287.44,288.14,288.14,1018,67,2500,1.54,150,20,28/12/2024 8:56,28/12/2024 2:00,28/12/2024 12:07,PK,4,934.6,2.91,23.31,105.86,32.42,68.11,88.24,4.37,28/12/2024 8:56
Karachi,67.0822,24.9056,Haze,haze,298.05,297.01,298.05,298.05,1019,16,5000,1.54,340,0,28/12/2024 8:53,28/12/2024 2:15,28/12/2024 12:51,PK,3,567.44,1.9,11.31,137.33,11.33,31.34,57.45,6.14,28/12/2024 8:56
Islamabad,73.1338,33.7104,Clouds,few clouds,289.17,288.37,289.17,289.17,1018,59,10000,2.05,198,22,28/12/2024 8:54,28/12/2024 2:11,28/12/2024 12:06,PK,5,1762.39,6.76,41.13,100.14,13.95,151.71,174.04,9.37,28/12/2024 8:56
Lahore,74.3436,31.5497,Smoke,smoke,289.14,288.34,289.14,289.14,1018,59,3000,1.54,300,20,28/12/2024 10:00,28/12/2024 2:00,28/12/2024 12:07,PK,5,1148.22,4.08,35.3,90.84,31.95,77.77,102.32,7.85,28/12/2024 10:00
Karachi,67.0822,24.9056,Haze,haze,298.05,296.94,298.05,298.05,1018,13,5000,2.57,250,0,28/12/2024 9:52,28/12/2024 2:15,28/12/2024 12:51,PK,3,527.38,1.61,11.14,137.33,13.47,32.21,60.22,5.57,28/12/2024 10:00
Islamabad,73.1338,33.7104,Clouds,scattered clouds,289.73,288.96,289.73,289.73,1018,58,10000,2,215,28,28/12/2024 9:59,28/12/2024 2:11,28/12/2024 12:06,PK,5,1922.61,6.04,52.78,101.57,16.21,167.47,191.72,13.17,28/12/2024 10:00
Lahore,74.3436,31.5497,Smoke,smoke,290.14,289.54,290.14,290.14,1018,63,3000,1.54,30,40,28/12/2024 10:28,28/12/2024 2:00,28/12/2024 12:07,PK,5,2002.72,4.58,53.47,62.23,9.42,139.11,178.4,13.43,28/12/2024 10:31
Karachi,67.0822,24.9056,Haze,haze,298.05,296.94,298.05,298.05,1018,13,5000,2.57,310,0,28/12/2024 10:26,28/12/2024 2:15,28/12/2024 12:51,PK,3,487.33,1.52,13.37,127.32,28.61,36.91,74.12,4.69,28/12/2024 10:31
Islamabad,73.1338,33.7104,Clouds,scattered clouds,289.73,288.91,289.73,289.73,1018,56,10000,2,215,28,28/12/2024 10:29,28/12/2024 2:11,28/12/2024 12:06,PK,5,3070.83,11.74,119.27,50.78,29.56,138.54,165.37,24.83,28/12/2024 10:31
Lahore,74.3436,31.5497,Smoke,smoke,290.14,289.54,290.14,290.14,1018,63,3000,1.54,50,40,2024-12-28 10:53:37,2024-12-28 02:00:58,2024-12-28 12:07:15,PK,5,2002.72,4.58,53.47,62.23,9.42,139.11,178.4,13.43,2024-12-28 11:00:03
Karachi,67.0822,24.9056,Haze,haze,298.05,296.88,298.05,298.05,1018,11,5000,0.0,0,0,2024-12-28 10:57:50,2024-12-28 02:15:10,2024-12-28 12:51:09,PK,3,487.33,1.52,13.37,127.32,28.61,36.91,74.12,4.69,2024-12-28 11:00:04
Islamabad,73.1338,33.7104,Clouds,few clouds,289.17,288.32,289.17,289.17,1018,57,10000,1.9,225,24,2024-12-28 10:51:51,2024-12-28 02:11:07,2024-12-28 12:06:46,PK,5,3070.83,11.74,119.27,50.78,29.56,138.54,165.37,24.83,2024-12-28 11:00:04
Lahore,74.3436,31.5497,Smoke,smoke,289.14,288.54,289.14,289.14,1019,67,4000,1.54,290,40,2024-12-28 12:00:10,2024-12-28 02:00:58,2024-12-28 12:07:15,PK,5,2590.18,5.98,86.37,16.45,10.97,152.52,203.93,18.49,2024-12-28 12:00:11
Karachi,67.0822,24.9056,Haze,haze,298.05,297.12,298.05,298.05,1018,20,5000,3.6,220,0,2024-12-28 11:56:09,2024-12-28 02:15:10,2024-12-28 12:51:09,PK,3,487.33,0.95,15.94,114.44,30.52,34.59,72.5,4.31,2024-12-28 12:00:12
Islamabad,73.1338,33.7104,Clouds,few clouds,288.06,287.28,288.06,288.06,1019,64,10000,1.87,242,20,2024-12-28 11:50:13,2024-12-28 02:11:07,2024-12-28 12:06:46,PK,5,3791.81,14.31,163.14,10.46,33.38,148.57,178.08,31.67,2024-12-28 12:00:13
Lahore,74.3436,31.5497,Smoke,smoke,289.14,288.54,289.14,289.14,1019,67,4000,1.54,300,40,2024-12-28 12:15:09,2024-12-28 02:00:58,2024-12-28 12:07:15,PK,5,2590.18,5.98,86.37,16.45,10.97,152.52,203.93,18.49,2024-12-28 12:15:44
Karachi,67.0822,24.9056,Haze,haze,297.05,296.2,297.05,297.05,1018,27,4000,4.12,230,0,2024-12-28 12:08:07,2024-12-28 02:15:10,2024-12-28 12:51:09,PK,3,487.33,0.95,15.94,114.44,30.52,34.59,72.5,4.31,2024-12-28 12:15:45
Islamabad,73.1338,33.7104,Clouds,few clouds,288.06,287.3,288.06,288.06,1019,65,10000,1.49,201,18,2024-12-28 12:09:13,2024-12-28 02:11:07,2024-12-28 12:06:46,PK,5,3791.81,14.31,163.14,10.46,33.38,148.57,178.08,31.67,2024-12-28 12:15:46
Lahore,74.3436,31.5497,Smoke,smoke,288.14,287.57,288.14,288.14,1020,72,4000,1.54,330,40,2024-12-28 12:59:21,2024-12-28 02:00:58,2024-12-28 12:07:15,PK,5,3231.05,26.15,93.22,0.07,14.07,162.94,227.41,25.84,2024-12-28 13:00:09
Karachi,67.0822,24.9056,Haze,haze,296.05,295.26,296.05,296.05,1019,33,4000,3.09,240,0,2024-12-28 12:56:30,2024-12-28 02:15:10,2024-12-28 12:51:09,PK,3,961.3,0.23,41.13,75.1,35.29,48.05,88.99,10.89,2024-12-28 13:00:10
Islamabad,73.1338,33.7104,Clear,clear sky,286.95,286.19,286.95,286.95,1020,69,10000,0.51,210,0,2024-12-28 13:00:10,2024-12-28 02:11:07,2024-12-28 12:06:46,PK,5,4432.68,32.63,180.96,0.01,34.81,160.26,194.89,38.0,2024-12-28 13:00:11
Lahore,74.3436,31.5497,Smoke,smoke,287.14,286.47,287.14,287.14,1020,72,4000,2.06,280,40,2024-12-28 13:51:16,2024-12-28 02:00:58,2024-12-28 12:07:15,PK,5,3524.78,40.23,85.0,0.0,16.21,175.0,256.25,33.95,2024-12-28 14:00:07
Karachi,67.0822,24.9056,Haze,haze,293.05,292.19,293.05,293.05,1019,42,4000,2.06,290,0,2024-12-28 13:59:42,2024-12-28 02:15:10,2024-12-28 12:51:09,PK,4,1468.66,0.02,61.01,37.19,35.29,71.3,115.92,19.51,2024-12-28 14:00:09
Islamabad,73.1338,33.7104,Clear,clear sky,285.28,284.4,285.28,285.28,1021,71,10000,1.2,38,0,2024-12-28 13:53:26,2024-12-28 02:11:07,2024-12-28 12:06:46,PK,5,4753.11,39.79,191.93,0.0,34.33,172.84,214.41,43.57,2024-12-28 14:00:09
Lahore,74.3436,31.5497,Smoke,smoke,286.14,285.48,286.14,286.14,1021,76,4000,1.54,280,40,2024-12-28 14:59:03,2024-12-28 02:00:58,2024-12-28 12:07:15,PK,5,3578.19,41.13,78.14,0.0,17.88,193.72,293.58,41.54,2024-12-28 15:00:08
Karachi,67.0822,24.9056,Haze,haze,293.05,291.98,293.05,293.05,1020,34,4000,1.54,290,0,2024-12-28 15:00:09,2024-12-28 02:15:10,2024-12-28 12:51:09,PK,5,1602.17,0.07,59.63,28.61,27.42,84.53,128.11,23.81,2024-12-28 15:00:09
Islamabad,73.1338,33.7104,Clear,clear sky,284.73,283.88,284.73,284.73,1022,74,10000,2.11,43,0,2024-12-28 14:55:28,2024-12-28 02:11:07,2024-12-28 12:06:46,PK,5,4699.71,36.21,197.41,0.0,32.42,182.08,229.68,47.12,2024-12-28 15:00:10
Lahore,74.3436,31.5497,Mist,mist,286.14,285.64,286.14,286.14,1021,82,3500,1.54,270,40,2024-12-28 16:00:06,2024-12-28 02:00:58,2024-12-28 12:07:15,PK,5,3738.4,43.36,74.03,0.0,19.55,218.62,335.26,49.14,2024-12-28 16:00:06
Karachi,67.0822,24.9056,Haze,haze,291.05,290.15,291.05,291.05,1020,48,4000,0.0,0,0,2024-12-28 15:56:51,2024-12-28 02:15:10,2024-12-28 12:51:09,PK,5,1895.91,0.57,64.43,18.77,22.41,106.29,147.42,29.89,2024-12-28 16:00:07
Islamabad,73.1338,33.7104,Clear,clear sky,284.17,283.31,284.17,284.17,1022,76,10000,2.3,48,0,2024-12-28 15:56:50,2024-12-28 02:11:07,2024-12-28 12:06:46,PK,5,4432.68,28.16,189.19,0.01,30.04,185.79,237.08,47.12,2024-12-28 16:00:08
Lahore,74.3436,31.5497,Mist,mist,285.14,284.54,285.14,285.14,1022,82,2000,2.06,290,40,2024-12-28 16:56:24,2024-12-28 02:00:58,2024-12-28 12:07:15,PK,5,3791.81,44.26,67.17,0.0,20.5,230.48,361.1,56.74,2024-12-28 17:00:06
Karachi,67.0822,24.9056,Haze,haze,291.05,290.25,291.05,291.05,1020,52,4000,1.54,270,0,2024-12-28 16:51:48,2024-12-28 02:15:10,2024-12-28 12:51:09,PK,5,2403.26,5.36,71.29,3.71,21.94,140.25,183.82,36.99,2024-12-28 17:00:08
Islamabad,73.1338,33.7104,Clear,clear sky,283.62,282.76,283.62,283.62,1023,78,10000,2.61,43,0,2024-12-28 16:49:19,2024-12-28 02:11:07,2024-12-28 12:06:46,PK,5,3898.62,19.89,163.14,0.05,26.46,182.35,234.53,43.57,2024-12-28 17:00:09
Lahore,74.3436,31.5497,Mist,mist,284.14,283.72,284.14,284.14,1022,93,1200,0.0,0,40,2024-12-28 17:56:52,2024-12-28 02:00:58,2024-12-28 12:07:15,PK,5,3417.97,37.1,56.89,0.0,19.55,213.87,348.2,60.29,2024-12-28 18:00:05
Karachi,67.0822,24.9056,Haze,haze,287.05,286.01,287.05,287.05,1020,58,3000,2.57,60,0,2024-12-28 17:57:00,2024-12-28 02:15:10,2024-12-28 12:51:09,PK,5,2536.77,11.96,67.17,0.55,20.98,150.89,199.8,36.99,2024-12-28 18:00:06
Islamabad,73.1338,33.7104,Clear,clear sky,282.5,281.29,282.5,282.5,1023,81,10000,2.38,37,0,2024-12-28 18:00:06,2024-12-28 02:11:07,2024-12-28 12:06:46,PK,5,3311.16,12.63,134.35,0.34,22.41,174.29,224.07,38.51,2024-12-28 18:00:07
Lahore,74.3436,31.5497,Fog,fog,282.14,280.73,282.14,282.14,1022,93,50,2.57,300,100,2024-12-28 20:43:36,2024-12-29 02:01:16,2024-12-29 12:07:53,PK,5,2082.82,3.69,40.78,1.27,7.09,160.23,248.9,21.53,2024-12-28 20:48:12
Karachi,67.0822,24.9056,Haze,haze,285.05,283.91,285.05,285.05,1019,62,3000,2.06,50,0,2024-12-28 20:43:28,2024-12-29 02:15:31,2024-12-29 12:51:44,PK,5,1335.14,0.07,42.5,27.54,17.41,86.51,146.82,21.53,2024-12-28 20:48:13
Islamabad,73.1338,33.7104,Clear,clear sky,281.95,281.04,281.95,281.95,1023,81,10000,1.89,3,0,2024-12-28 20:48:14,2024-12-29 02:11:25,2024-12-29 12:07:25,PK,5,2082.82,0.02,67.17,20.74,10.85,140.4,171.93,21.79,2024-12-28 20:48:14
Lahore,74.3436,31.5497,Fog,fog,282.14,280.73,282.14,282.14,1022,93,50,2.57,300,100,2024-12-28 20:43:36,2024-12-29 02:01:16,2024-12-29 12:07:53,PK,5,2082.82,3.69,40.78,1.27,7.09,160.23,248.9,21.53,2024-12-28 20:48:12
Karachi,67.0822,24.9056,Haze,haze,285.05,283.91,285.05,285.05,1019,62,3000,2.06,50,0,2024-12-28 20:43:28,2024-12-29 02:15:31,2024-12-29 12:51:44,PK,5,1335.14,0.07,42.5,27.54,17.41,86.51,146.82,21.53,2024-12-28 20:48:13
Islamabad,73.1338,33.7104,Clear,clear sky,281.95,281.04,281.95,281.95,1023,81,10000,1.89,3,0,2024-12-28 20:48:14,2024-12-29 02:11:25,2024-12-29 12:07:25,PK,5,2082.82,0.02,67.17,20.74,10.85,140.4,171.93,21.79,2024-12-28 20:48:14
Lahore,74.3436,31.5497,Fog,fog,281.14,279.19,281.14,281.14,1021,93,50,3.09,320,100,2024-12-28 21:51:36,2024-12-29 02:01:16,2024-12-29 12:07:53,PK,5,2136.23,1.05,39.76,3.49,5.48,176.87,253.42,12.92,2024-12-28 21:54:26
Karachi,67.0822,24.9056,Haze,haze,283.05,282.18,283.05,283.05,1019,71,3000,2.06,60,0,2024-12-28 21:54:27,2024-12-29 02:15:31,2024-12-29 12:51:44,PK,5,1081.47,0.0,30.16,49.35,16.93,76.43,136.5,20.52,2024-12-28 21:54:27
Islamabad,73.1338,33.7104,Clear,clear sky,280.84,279.77,280.84,280.84,1022,83,10000,1.87,4,0,2024-12-28 21:52:54,2024-12-29 02:11:25,2024-12-29 12:07:25,PK,5,1668.93,0.0,42.84,36.48,5.13,127.03,152.6,14.06,2024-12-28 21:54:34
Lahore,74.3436,31.5497,Fog,fog,281.14,279.19,281.14,281.14,1021,93,50,3.09,320,100,2024-12-28 22:02:44,2024-12-29 02:01:16,2024-12-29 12:07:53,PK,5,2136.23,1.05,39.76,3.49,5.48,176.87,253.42,12.92,2024-12-28 22:05:30
Karachi,67.0822,24.9056,Haze,haze,283.05,282.64,283.05,283.05,1019,71,3000,1.54,60,0,2024-12-28 22:05:37,2024-12-29 02:15:31,2024-12-29 12:51:44,PK,5,1081.47,0.0,30.16,49.35,16.93,76.43,136.5,20.52,2024-12-28 22:05:40
Islamabad,73.1338,33.7104,Clear,clear sky,280.84,279.77,280.84,280.84,1022,83,10000,1.87,4,0,2024-12-28 22:05:43,2024-12-29 02:11:25,2024-12-29 12:07:25,PK,5,1668.93,0.0,42.84,36.48,5.13,127.03,152.6,14.06,2024-12-28 22:05:46
Lahore,74.3436,31.5497,Fog,fog,281.14,278.89,281.14,281.14,1021,93,150,3.6,330,100,2024-12-28 22:58:55,2024-12-29 02:01:16,2024-12-29 12:07:53,PK,5,2349.85,0.55,42.5,4.47,4.77,203.11,269.4,9.37,2024-12-28 23:00:09
Karachi,67.0822,24.9056,Smoke,smoke,283.05,281.81,283.05,283.05,1018,71,3000,2.57,70,0,2024-12-28 22:51:17,2024-12-29 02:15:31,2024-12-29 12:51:44,PK,4,1014.71,0.0,25.02,59.37,15.97,74.58,133.03,20.77,2024-12-28 23:00:10
Islamabad,73.1338,33.7104,Clear,clear sky,280.28,279.15,280.28,280.28,1022,84,10000,1.84,356,0,2024-12-28 22:59:35,2024-12-29 02:11:25,2024-12-29 12:07:25,PK,5,1415.25,0.0,29.13,47.21,2.95,118.58,139.6,10.77,2024-12-28 23:00:10
Lahore,74.3436,31.5497,Fog,fog,281.14,279.19,281.14,281.14,1021,93,150,3.09,310,100,2024-12-29 00:00:10,2024-12-29 02:01:16,2024-12-29 12:07:53,PK,5,2590.18,0.84,45.93,3.49,4.35,226.67,275.25,7.41,2024-12-29 00:00:11
Karachi,67.0822,24.9056,Smoke,smoke,283.05,281.22,283.05,283.05,1019,62,3000,3.6,50,1,2024-12-28 23:56:10,2024-12-29 02:15:31,2024-12-29 12:51:44,PK,5,1068.12,0.0,25.36,59.37,14.66,77.54,134.13,21.53,2024-12-29 00:00:12
Islamabad,73.1338,33.7104,Clear,clear sky,279.73,278.39,279.73,279.73,1022,85,10000,1.97,356,0,2024-12-28 23:57:33,2024-12-29 02:11:25,2024-12-29 12:07:25,PK,5,1295.09,0.0,22.96,50.78,2.21,113.29,131.66,9.75,2024-12-29 00:00:12
Lahore,74.3436,31.5497,Smoke,smoke,286.14,285.48,286.14,286.14,1020,76,3000,4.12,340,0,2024-12-29 07:50:13,2024-12-29 02:01:16,2024-12-29 12:07:53,PK,5,1094.82,1.9,15.59,138.76,23.6,104.97,126.51,6.14,2024-12-29 07:52:19
Karachi,67.0822,24.9056,Haze,haze,297.05,295.91,297.05,297.05,1020,16,4000,4.12,90,2,2024-12-29 07:51:06,2024-12-29 02:15:31,2024-12-29 12:51:44,PK,3,607.49,2.15,12.34,137.33,19.79,37.47,70.14,6.4,2024-12-29 07:52:19
Islamabad,73.1338,33.7104,Clear,clear sky,290.84,289.94,290.84,290.84,1021,49,10000,2.16,262,3,2024-12-29 07:50:08,2024-12-29 02:11:25,2024-12-29 12:07:25,PK,5,974.66,1.96,13.54,137.33,9.06,92.16,104.04,5.64,2024-12-29 07:52:20
Lahore,74.3436,31.5497,Smoke,smoke,286.14,285.48,286.14,286.14,1020,76,3000,4.12,340,0,2024-12-29 07:57:55,2024-12-29 02:01:16,2024-12-29 12:07:53,PK,5,1094.82,1.9,15.59,138.76,23.6,104.97,126.51,6.14,2024-12-29 08:00:06
Karachi,67.0822,24.9056,Haze,haze,297.05,295.91,297.05,297.05,1020,16,4000,4.12,90,2,2024-12-29 07:56:21,2024-12-29 02:15:31,2024-12-29 12:51:44,PK,3,607.49,2.15,12.34,137.33,19.79,37.47,70.14,6.4,2024-12-29 08:00:08
Islamabad,73.1338,33.7104,Clear,clear sky,290.84,289.94,290.84,290.84,1021,49,10000,2.16,262,3,2024-12-29 07:55:21,2024-12-29 02:11:25,2024-12-29 12:07:25,PK,5,974.66,1.96,13.54,137.33,9.06,92.16,104.04,5.64,2024-12-29 08:00:09
Lahore,74.3436,31.5497,Smoke,smoke,287.14,286.47,287.14,287.14,1020,72,3000,6.17,350,0,2024-12-29 08:59:18,2024-12-29 02:01:16,2024-12-29 12:07:53,PK,5,1081.47,1.41,14.22,150.2,25.03,115.95,136.21,6.78,2024-12-29 09:00:16
Karachi,67.0822,24.9056,Haze,haze,298.05,296.94,298.05,298.05,1019,13,5000,2.57,30,4,2024-12-29 08:55:46,2024-12-29 02:15:31,2024-12-29 12:51:44,PK,4,574.11,1.61,10.71,150.2,17.41,38.21,71.42,5.76,2024-12-29 09:00:16
Islamabad,73.1338,33.7104,Clear,clear sky,290.84,289.97,290.84,290.84,1020,50,10000,1.97,248,3,2024-12-29 08:59:13,2024-12-29 02:11:25,2024-12-29 12:07:25,PK,5,1028.06,2.01,15.42,140.19,9.3,98.71,111.46,6.33,2024-12-29 09:00:19
Lahore,74.3436,31.5497,Smoke,smoke,288.14,287.57,288.14,288.14,1019,72,4000,3.09,300,0,2024-12-29 09:55:36,2024-12-29 02:01:16,2024-12-29 12:07:53,PK,5,1214.98,2.1,22.96,130.18,23.13,121.11,143.64,8.87,2024-12-29 10:00:11
Karachi,67.0822,24.9056,Clear,clear sky,298.05,296.94,298.05,298.05,1019,13,6000,3.09,80,5,2024-12-29 09:58:58,2024-12-29 02:15:31,2024-12-29 12:51:44,PK,4,614.17,1.63,13.2,155.93,19.31,41.59,75.8,6.4,2024-12-29 10:00:12
Islamabad,73.1338,33.7104,Clear,clear sky,290.28,289.41,290.28,290.28,1020,52,10000,2.09,246,4,2024-12-29 09:55:43,2024-12-29 02:11:25,2024-12-29 12:07:25,PK,5,1121.52,2.38,22.28,130.18,8.82,103.75,117.9,7.85,2024-12-29 10:00:12
Lahore,74.3436,31.5497,Smoke,smoke,288.14,287.57,288.14,288.14,1019,72,4000,6.17,290,0,2024-12-29 10:56:12,2024-12-29 02:01:16,2024-12-29 12:07:53,PK,5,1295.09,2.12,31.19,94.41,13.23,101.93,126.53,10.01,2024-12-29 11:00:15
Karachi,67.0822,24.9056,Clouds,scattered clouds,298.05,296.94,298.05,298.05,1019,13,6000,3.09,20,27,2024-12-29 10:52:42,2024-12-29 02:15:31,2024-12-29 12:51:44,PK,4,734.33,1.58,17.65,157.36,22.89,48.09,86.81,7.85,2024-12-29 11:00:15
Islamabad,73.1338,33.7104,Clear,clear sky,289.73,288.7,289.73,289.73,1019,48,10000,2.13,266,4,2024-12-29 10:53:22,2024-12-29 02:11:25,2024-12-29 12:07:25,PK,5,1415.25,2.74,41.13,101.57,6.5,119.8,137.56,11.02,2024-12-29 11:00:16
Lahore,74.3436,31.5497,Smoke,smoke,286.14,285.48,286.14,286.14,1020,76,3000,0.0,0,8,2024-12-29 13:07:38,2024-12-29 02:01:16,2024-12-29 12:07:53,PK,5,1842.5,0.01,61.01,45.42,7.99,156.52,193.6,12.29,2024-12-29 13:07:38
Karachi,67.0822,24.9056,Clear,clear sky,296.05,294.79,296.05,296.05,1019,15,6000,2.57,60,6,2024-12-29 13:04:07,2024-12-29 02:15:31,2024-12-29 12:51:44,PK,4,1134.87,0.24,38.39,110.15,20.03,61.18,106.94,12.92,2024-12-29 13:07:39
Islamabad,73.1338,33.7104,Clear,clear sky,286.39,285.23,286.39,286.39,1020,56,10000,1.85,340,0,2024-12-29 13:05:47,2024-12-29 02:11:25,2024-12-29 12:07:25,PK,5,2296.45,0.19,102.82,30.76,5.96,154.39,181.03,16.47,2024-12-29 13:07:43
Lahore,74.3436,31.5497,Smoke,smoke,286.14,285.48,286.14,286.14,1020,76,3000,0.0,0,8,2024-12-29 13:07:38,2024-12-29 02:01:16,2024-12-29 12:07:53,PK,5,1842.5,0.01,61.01,45.42,7.99,156.52,193.6,12.29,2024-12-29 13:07:57
Karachi,67.0822,24.9056,Clear,clear sky,296.05,294.79,296.05,296.05,1019,15,6000,2.57,60,6,2024-12-29 13:04:07,2024-12-29 02:15:31,2024-12-29 12:51:44,PK,4,1134.87,0.24,38.39,110.15,20.03,61.18,106.94,12.92,2024-12-29 13:07:39
Islamabad,73.1338,33.7104,Clear,clear sky,286.39,285.23,286.39,286.39,1020,56,10000,1.85,340,0,2024-12-29 13:05:47,2024-12-29 02:11:25,2024-12-29 12:07:25,PK,5,2296.45,0.19,102.82,30.76,5.96,154.39,181.03,16.47,2024-12-29 13:08:01
Lahore,74.3436,31.5497,Smoke,smoke,286.14,285.48,286.14,286.14,1020,76,3000,0.0,0,6,2024-12-29 13:59:40,2024-12-29 02:01:16,2024-12-29 12:07:53,PK,5,2029.42,0.0,56.89,50.07,7.03,209.05,252.59,11.27,2024-12-29 14:00:12
Karachi,67.0822,24.9056,Clear,clear sky,293.05,291.59,293.05,293.05,1020,19,6000,2.57,50,7,2024-12-29 13:52:08,2024-12-29 02:15:31,2024-12-29 12:51:44,PK,5,1428.6,0.0,45.24,82.25,17.64,77.42,128.65,18.49,2024-12-29 14:00:13
Islamabad,73.1338,33.7104,Clear,clear sky,285.84,284.73,285.84,285.84,1021,60,10000,2.03,357,0,2024-12-29 13:55:15,2024-12-29 02:11:25,2024-12-29 12:07:25,PK,5,2590.18,2.18,119.27,8.32,5.31,160.39,192.4,17.99,2024-12-29 14:00:14
Lahore,74.3436,31.5497,Mist,mist,284.14,283.57,284.14,284.14,1021,87,2000,3.6,270,4,2024-12-29 16:01:54,2024-12-29 02:01:16,2024-12-29 12:07:53,PK,5,2349.85,0.0,38.39,68.67,5.13,326.78,375.21,8.23,2024-12-29 16:02:10
Karachi,67.0822,24.9056,Haze,haze,289.05,287.45,289.05,289.05,1020,29,5000,3.09,60,7,2024-12-29 16:00:49,2024-12-29 02:15:31,2024-12-29 12:51:44,PK,5,1415.25,0.0,35.64,74.39,13.71,88.34,137.94,22.04,2024-12-29 16:02:10
Islamabad,73.1338,33.7104,Clear,clear sky,284.73,283.59,284.73,284.73,1022,63,10000,1.83,5,3,2024-12-29 16:02:11,2024-12-29 02:11:25,2024-12-29 12:07:25,PK,5,2616.88,6.71,104.19,1.07,3.76,157.74,198.43,18.24,2024-12-29 16:02:11
Lahore,74.3436,31.5497,Mist,mist,284.14,283.57,284.14,284.14,1021,87,2000,3.6,270,4,2024-12-29 16:00:22,2024-12-29 02:01:16,2024-12-29 12:07:53,PK,5,2349.85,0.0,38.39,68.67,5.13,326.78,375.21,8.23,2024-12-29 16:02:10
Karachi,67.0822,24.9056,Haze,haze,289.05,287.45,289.05,289.05,1020,29,5000,3.09,60,7,2024-12-29 15:49:43,2024-12-29 02:15:31,2024-12-29 12:51:44,PK,5,1415.25,0.0,35.64,74.39,13.71,88.34,137.94,22.04,2024-12-29 16:02:10
Islamabad,73.1338,33.7104,Clear,clear sky,284.73,283.59,284.73,284.73,1022,63,10000,1.83,5,3,2024-12-29 16:02:11,2024-12-29 02:11:25,2024-12-29 12:07:25,PK,5,2616.88,6.71,104.19,1.07,3.76,157.74,198.43,18.24,2024-12-29 16:02:11
Lahore,74.3436,31.5497,Mist,mist,283.14,281.09,283.14,283.14,1021,87,1500,4.12,280,3,2024-12-29 16:54:43,2024-12-29 02:01:16,2024-12-29 12:07:53,PK,5,2483.37,0.0,32.9,70.1,4.47,368.05,415.9,8.04,2024-12-29 17:00:12
Karachi,67.0822,24.9056,Haze,haze,290.05,288.45,290.05,290.05,1021,25,5000,4.63,30,7,2024-12-29 16:48:47,2024-12-29 02:15:31,2024-12-29 12:51:44,PK,5,1241.68,0.0,28.1,80.11,11.56,84.3,132.16,20.01,2024-12-29 17:00:14
Islamabad,73.1338,33.7104,Clouds,few clouds,283.06,282.64,283.06,283.06,1022,69,10000,1.55,356,23,2024-12-29 16:59:13,2024-12-29 02:11:25,2024-12-29 12:07:25,PK,5,2376.56,4.08,89.11,2.5,3.25,150.14,191.92,17.48,2024-12-29 17:00:16
Lahore,74.3436,31.5497,Mist,mist,282.14,281.11,282.14,282.14,1021,87,1200,2.06,300,3,2024-12-29 18:00:12,2024-12-29 02:01:16,2024-12-29 12:07:53,PK,5,2483.37,0.0,29.82,65.8,3.55,368.96,411.57,7.6,2024-12-29 18:00:13
Karachi,67.0822,24.9056,Haze,haze,289.05,287.4,289.05,289.05,1020,27,5000,2.06,10,7,2024-12-29 18:00:04,2024-12-29 02:15:31,2024-12-29 12:51:44,PK,5,1068.12,0.0,22.62,84.4,9.42,80.18,128.27,16.21,2024-12-29 18:00:14
Islamabad,73.1338,33.7104,Clouds,scattered clouds,283.06,282.53,283.06,283.06,1022,68,10000,1.67,6,36,2024-12-29 17:55:45,2024-12-29 02:11:25,2024-12-29 12:07:25,PK,5,2082.82,1.45,72.66,7.15,2.71,139.45,178.69,15.71,2024-12-29 18:00:15
Lahore,74.3436,31.5497,Fog,fog,282.14,281.11,282.14,282.14,1021,87,800,2.06,290,100,2024-12-29 19:27:28,2024-12-30 02:01:33,2024-12-30 12:08:32,PK,5,2323.15,0.0,28.45,57.22,2.41,330.43,364.9,6.27,2024-12-29 19:29:45
Karachi,67.0822,24.9056,Haze,haze,288.05,286.41,288.05,288.05,1020,31,5000,2.06,10,7,2024-12-29 19:25:23,2024-12-30 02:15:51,2024-12-30 12:52:21,PK,4,834.47,0.0,16.45,89.41,6.97,69.74,115.62,10.77,2024-12-29 19:29:46
Islamabad,73.1338,33.7104,Clouds,overcast clouds,281.95,281.28,281.95,281.95,1021,73,10000,1.64,1,100,2024-12-29 19:29:46,2024-12-30 02:11:41,2024-12-30 12:08:06,PK,5,1842.5,0.29,59.63,14.31,2.09,127.93,161.46,13.81,2024-12-29 19:29:46
Lahore,74.3436,31.5497,Fog,fog,281.14,278.89,281.14,281.14,1020,93,800,3.6,270,100,2024-12-29 19:55:27,2024-12-30 02:01:33,2024-12-30 12:08:32,PK,5,2216.34,0.0,30.5,43.99,2.21,300.47,332.38,5.76,2024-12-29 20:00:09
Karachi,67.0822,24.9056,Haze,haze,288.05,286.41,288.05,288.05,1019,31,5000,2.57,20,5,2024-12-29 20:00:01,2024-12-30 02:15:51,2024-12-30 12:52:21,PK,4,714.3,0.0,12.51,92.98,6.44,64.74,107.99,8.99,2024-12-29 20:00:11
Islamabad,73.1338,33.7104,Clouds,overcast clouds,281.39,280.61,281.39,281.39,1021,76,10000,1.67,9,100,2024-12-29 20:00:11,2024-12-30 02:11:41,2024-12-30 12:08:06,PK,5,1615.52,0.03,45.93,25.39,1.76,117.39,146.66,12.79,2024-12-29 20:00:12
Lahore,74.3436,31.5497,Fog,fog,281.14,278.39,281.14,281.14,1020,93,600,4.63,290,100,2024-12-29 21:00:15,2024-12-30 02:01:33,2024-12-30 12:08:32,PK,5,2136.23,0.01,30.5,35.41,2.24,276.1,309.05,5.32,2024-12-29 21:00:24
Karachi,67.0822,24.9056,Haze,haze,286.05,284.31,286.05,286.05,1019,35,5000,2.57,50,3,2024-12-29 20:56:31,2024-12-30 02:15:51,2024-12-30 12:52:21,PK,4,654.22,0.0,9.68,95.84,6.2,61.72,102.65,8.49,2024-12-29 21:00:26
Islamabad,73.1338,33.7104,Clouds,overcast clouds,280.84,279.82,280.84,280.84,1020,78,10000,1.82,14,100,2024-12-29 20:58:20,2024-12-30 02:11:41,2024-12-30 12:08:06,PK,5,1375.2,0.0,31.53,40.41,1.61,105.19,130.91,12.03,2024-12-29 21:00:27
Lahore,74.3436,31.5497,Mist,mist,284.14,283.44,284.14,284.14,1020,82,1200,3.09,240,100,2024-12-30 06:51:52,2024-12-30 02:01:33,2024-12-30 12:08:32,PK,5,1522.06,5.7,28.45,98.71,18.84,153.82,202.02,9.25,2024-12-30 06:43:23
Karachi,67.0822,24.9056,Haze,haze,295.05,293.92,295.05,295.05,1020,24,3500,3.09,70,6,2024-12-30 06:49:11,2024-12-30 02:15:51,2024-12-30 12:52:21,PK,4,787.74,2.88,16.28,131.61,17.17,60.27,110.68,9.25,2024-12-30 06:53:08
Islamabad,73.1338,33.7104,Clouds,scattered clouds,288.06,286.83,288.06,288.06,1019,47,10000,1.85,252,31,2024-12-30 06:50:32,2024-12-30 02:11:41,2024-12-30 12:08:06,PK,4,1161.58,7.04,30.85,94.41,6.5,56.67,73.43,10.51,2024-12-30 06:53:09
Lahore,74.3436,31.5497,Mist,mist,284.14,283.44,284.14,284.14,1020,82,1200,3.09,240,100,2024-12-30 06:51:52,2024-12-30 02:01:33,2024-12-30 12:08:32,PK,5,1522.06,5.7,28.45,98.71,18.84,153.82,202.02,9.25,2024-12-30 06:43:23
Karachi,67.0822,24.9056,Haze,haze,295.05,293.92,295.05,295.05,1020,24,3500,3.09,70,6,2024-12-30 06:50:01,2024-12-30 02:15:51,2024-12-30 12:52:21,PK,4,787.74,2.88,16.28,131.61,17.17,60.27,110.68,9.25,2024-12-30 06:53:08
Islamabad,73.1338,33.7104,Clouds,scattered clouds,288.06,286.83,288.06,288.06,1019,47,10000,1.85,252,31,2024-12-30 06:50:32,2024-12-30 02:11:41,2024-12-30 12:08:06,PK,4,1161.58,7.04,30.85,94.41,6.5,56.67,73.43,10.51,2024-12-30 06:53:22
Lahore,74.3436,31.5497,Mist,mist,284.14,283.44,284.14,284.14,1020,82,1200,3.09,240,100,2024-12-30 06:51:52,2024-12-30 02:01:33,2024-12-30 12:08:32,PK,5,1522.06,5.7,28.45,98.71,18.84,153.82,202.02,9.25,2024-12-30 06:53:31
Karachi,67.0822,24.9056,Haze,haze,295.05,293.92,295.05,295.05,1020,24,3500,3.09,70,6,2024-12-30 06:49:11,2024-12-30 02:15:51,2024-12-30 12:52:21,PK,4,787.74,2.88,16.28,131.61,17.17,60.27,110.68,9.25,2024-12-30 06:53:08
Islamabad,73.1338,33.7104,Clouds,scattered clouds,288.06,286.83,288.06,288.06,1019,47,10000,1.85,252,31,2024-12-30 06:50:32,2024-12-30 02:11:41,2024-12-30 12:08:06,PK,4,1161.58,7.04,30.85,94.41,6.5,56.67,73.43,10.51,2024-12-30 06:53:09
Lahore,74.3436,31.5497,Mist,mist,284.14,283.44,284.14,284.14,1020,82,1200,3.09,240,100,2024-12-30 06:51:52,2024-12-30 02:01:33,2024-12-30 12:08:32,PK,5,1522.06,5.7,28.45,98.71,18.84,153.82,202.02,9.25,2024-12-30 06:53:31
Karachi,67.0822,24.9056,Haze,haze,295.05,293.92,295.05,295.05,1020,24,3500,3.09,70,6,2024-12-30 06:49:11,2024-12-30 02:15:51,2024-12-30 12:52:21,PK,4,787.74,2.88,16.28,131.61,17.17,60.27,110.68,9.25,2024-12-30 07:00:09
Islamabad,73.1338,33.7104,Clouds,scattered clouds,288.06,286.89,288.06,288.06,1019,49,10000,1.85,252,31,2024-12-30 06:53:36,2024-12-30 02:11:41,2024-12-30 12:08:06,PK,4,1161.58,7.04,30.85,94.41,6.5,56.67,73.43,10.51,2024-12-30 06:53:09
Lahore,74.3436,31.5497,Smoke,smoke,285.14,284.38,285.14,285.14,1018,76,1200,4.12,270,40,2024-12-30 07:49:32,2024-12-30 02:01:33,2024-12-30 12:08:32,PK,5,1214.98,3.13,21.76,125.89,24.32,140.05,182.43,7.35,2024-12-30 08:00:16
Karachi,67.0822,24.9056,Haze,haze,297.05,296.07,297.05,297.05,1019,22,4000,3.09,70,3,2024-12-30 07:49:22,2024-12-30 02:15:51,2024-12-30 12:52:21,PK,4,707.63,2.21,13.71,145.91,16.93,53.16,94.79,8.04,2024-12-30 08:00:17
Islamabad,73.1338,33.7104,Clouds,scattered clouds,290.28,289.22,290.28,290.28,1018,45,10000,2.32,244,27,2024-12-30 07:48:14,2024-12-30 02:11:41,2024-12-30 12:08:06,PK,4,1188.28,6.37,31.87,104.43,7.75,68.65,85.64,11.02,2024-12-30 08:00:17
Lahore,74.3436,31.5497,Smoke,smoke,286.14,285.48,286.14,286.14,1018,76,1500,2.06,300,1,2024-12-30 08:55:18,2024-12-30 02:01:33,2024-12-30 12:08:32,PK,5,1161.58,2.38,20.74,137.33,26.23,141.97,183.89,7.28,2024-12-30 09:00:08
Karachi,67.0822,24.9056,Haze,haze,298.05,297.12,298.05,298.05,1018,20,5000,2.06,30,2,2024-12-30 08:55:38,2024-12-30 02:15:51,2024-12-30 12:52:21,PK,4,714.3,2.01,14.05,154.5,17.41,53.21,92.74,8.11,2024-12-30 09:00:09
Islamabad,73.1338,33.7104,Clouds,few clouds,291.95,290.83,291.95,291.95,1017,36,10000,2.09,237,18,2024-12-30 08:58:24,2024-12-30 02:11:41,2024-12-30 12:08:06,PK,5,1361.85,6.48,37.7,108.72,8.82,87.88,107.39,12.03,2024-12-30 09:00:10
Lahore,74.3436,31.5497,Smoke,smoke,288.14,287.21,288.14,288.14,1018,58,2000,2.57,240,0,2024-12-30 09:58:57,2024-12-30 02:01:33,2024-12-30 12:08:32,PK,5,1468.66,3.91,36.67,113.01,25.03,157.81,206.95,11.15,2024-12-30 10:00:28
Karachi,67.0822,24.9056,Haze,haze,299.05,298.09,299.05,299.05,1017,15,5000,2.57,30,1,2024-12-30 10:00:40,2024-12-30 02:15:51,2024-12-30 12:52:21,PK,4,727.65,1.93,15.94,157.36,17.88,53.11,90.55,8.36,2024-12-30 10:00:46
Islamabad,73.1338,33.7104,Clouds,few clouds,293.06,292.05,293.06,293.06,1017,36,10000,2.18,234,15,2024-12-30 09:56:04,2024-12-30 02:11:41,2024-12-30 12:08:06,PK,5,1655.58,6.54,53.47,113.01,10.85,115.0,138.83,16.97,2024-12-30 10:00:49
Lahore,74.3436,31.5497,Smoke,smoke,288.14,287.21,288.14,288.14,1018,58,2000,2.57,210,0,2024-12-30 10:56:11,2024-12-30 02:01:33,2024-12-30 12:08:32,PK,5,2029.42,5.03,61.69,65.8,16.93,189.73,253.53,16.72,2024-12-30 11:00:14
Karachi,67.0822,24.9056,Clear,clear sky,299.05,298.06,299.05,299.05,1017,14,6000,2.06,10,1,2024-12-30 11:00:14,2024-12-30 02:15:51,2024-12-30 12:52:21,PK,4,867.84,2.15,22.62,150.2,20.27,64.86,109.22,10.13,2024-12-30 11:00:15
Islamabad,73.1338,33.7104,Clouds,few clouds,293.62,292.66,293.62,293.62,1017,36,10000,1.68,222,13,2024-12-30 10:59:28,2024-12-30 02:11:41,2024-12-30 12:08:06,PK,5,2536.77,8.27,98.71,84.4,13.59,173.84,209.06,26.85,2024-12-30 11:00:15
Lahore,74.3436,31.5497,Smoke,smoke,287.14,286.34,287.14,287.14,1017,67,1500,2.57,210,0,2024-12-30 11:55:27,2024-12-30 02:01:33,2024-12-30 12:08:32,PK,5,2510.07,4.64,90.48,18.24,13.95,211.93,287.38,22.04,2024-12-30 12:00:18
Karachi,67.0822,24.9056,Clear,clear sky,299.05,298.04,299.05,299.05,1017,13,6000,1.54,60,1,2024-12-30 11:57:17,2024-12-30 02:15:51,2024-12-30 12:52:21,PK,4,1041.41,1.69,33.93,137.33,23.6,69.7,114.29,12.41,2024-12-30 12:00:23
Islamabad,73.1338,33.7104,Clouds,few clouds,287.45,285.46,287.45,287.45,1017,20,10000,1.0,209,11,2024-12-30 11:59:13,2024-12-30 02:11:41,2024-12-30 12:08:06,PK,5,3391.27,4.81,156.28,32.19,16.69,202.23,243.88,34.96,2024-12-30 12:00:26
Lahore,74.3436,31.5497,Smoke,smoke,286.14,285.48,286.14,286.14,1017,76,1200,2.57,220,0,2024-12-30 12:58:06,2024-12-30 02:01:33,2024-12-30 12:08:32,PK,5,3097.53,22.8,97.33,0.24,14.66,242.06,329.61,28.88,2024-12-30 13:00:06
Karachi,67.0822,24.9056,Clear,clear sky,297.05,296.07,297.05,297.05,1018,22,6000,2.06,180,6,2024-12-30 13:00:07,2024-12-30 02:15:51,2024-12-30 12:52:21,PK,5,2670.29,2.79,111.04,53.64,32.42,129.48,182.11,31.67,2024-12-30 13:00:07
Islamabad,73.1338,33.7104,Clear,clear sky,285.85,283.72,285.85,285.85,1018,21,10000,0.6,21,0,2024-12-30 12:58:40,2024-12-30 02:11:41,2024-12-30 12:08:06,PK,5,4325.87,20.56,194.67,0.34,19.79,219.3,269.59,43.57,2024-12-30 13:00:08
Lahore,74.3436,31.5497,Mist,mist,285.14,284.54,285.14,285.14,1018,82,1500,2.57,170,0,2024-12-30 13:53:17,2024-12-30 02:01:33,2024-12-30 12:08:32,PK,5,3578.19,37.55,89.11,0.0,14.66,282.3,385.68,31.92,2024-12-30 14:00:06
Karachi,67.0822,24.9056,Haze,haze,293.05,291.93,293.05,293.05,1018,32,4000,2.57,240,6,2024-12-30 13:50:13,2024-12-30 02:15:51,2024-12-30 12:52:21,PK,5,4806.52,34.87,152.17,0.12,42.44,233.55,297.82,58.26,2024-12-30 14:00:07
Islamabad,73.1338,33.7104,Clear,clear sky,285.84,284.44,285.84,285.84,1019,49,10000,1.5,344,0,2024-12-30 13:58:19,2024-12-30 02:11:41,2024-12-30 12:08:06,PK,5,4806.52,38.89,200.15,0.0,21.94,227.63,288.29,51.17,2024-12-30 14:00:07
Lahore,74.3436,31.5497,Clear,clear sky,284.14,283.57,284.14,284.14,1019,87,1500,2.57,210,1,2024-12-30 14:56:38,2024-12-30 02:01:33,2024-12-30 12:08:32,PK,5,3952.03,38.45,85.68,0,13.95,327.69,447.6,30.4,2024-12-30 15:00:07
Karachi,67.0822,24.9056,Haze,haze,292.05,291.01,292.05,292.05,1019,39,4000,2.06,250,4,2024-12-30 14:58:46,2024-12-30 02:15:51,2024-12-30 12:52:21,PK,5,6034.85,69.74,134.35,0,47.21,318.51,390.7,76.0,2024-12-30 15:00:08
Islamabad,73.1338,33.7104,Clear,clear sky,285.28,283.88,285.28,285.28,1020,51,10000,1.98,34,2,2024-12-30 14:58:40,2024-12-30 02:11:41,2024-12-30 12:08:06,PK,5,4966.74,48.28,197.41,0,22.89,233.85,303.21,57.76,2024-12-30 15:00:08
Lahore,74.3436,31.5497,Mist,mist,283.14,282.28,283.14,283.14,1020,87,1000,2.06,180,2,2024-12-30 16:02:05,2024-12-30 02:01:33,2024-12-30 12:08:32,PK,5,4272.46,33.53,86.37,0,12.64,376.2,507.3,24.57,2024-12-30 16:04:59
Karachi,67.0822,24.9056,Haze,haze,290.05,289.05,290.05,290.05,1019,48,4000,1.54,180,5,2024-12-30 16:04:02,2024-12-30 02:15:51,2024-12-30 12:52:21,PK,5,6835.94,86.73,127.49,0,49.11,390.94,474.78,89.17,2024-12-30 16:05:00
Islamabad,73.1338,33.7104,Clear,clear sky,284.17,282.92,284.17,284.17,1021,61,10000,2.27,37,4,2024-12-30 16:00:34,2024-12-30 02:11:41,2024-12-30 12:08:06,PK,5,5073.55,50.52,189.19,0,21.7,237.44,313.17,57.25,2024-12-30 16:05:00
Lahore,74.3436,31.5497,Fog,fog,283.14,283.14,283.14,283.14,1020,93,800,0.0,0,4,2024-12-30 16:56:51,2024-12-30 02:01:33,2024-12-30 12:08:32,PK,5,4112.24,25.26,78.83,0.02,10.13,393.86,529.61,16.72,2024-12-30 17:00:07
Karachi,67.0822,24.9056,Haze,haze,290.05,289.05,290.05,290.05,1019,48,4000,0.0,0,5,2024-12-30 16:56:14,2024-12-30 02:15:51,2024-12-30 12:52:21,PK,5,7156.37,89.41,124.75,0.0,48.16,429.6,526.47,91.2,2024-12-30 17:00:08
Islamabad,73.1338,33.7104,Clouds,few clouds,282.5,281.36,282.5,282.5,1021,67,10000,2.28,39,23,2024-12-30 16:57:27,2024-12-30 02:11:41,2024-12-30 12:08:06,PK,5,4913.33,45.6,171.36,0.0,19.55,227.83,307.9,52.69,2024-12-30 17:00:08
Lahore,74.3436,31.5497,Fog,fog,283.14,283.14,283.14,283.14,1020,93,800,0.0,0,17,2024-12-30 17:57:29,2024-12-30 02:01:33,2024-12-30 12:08:32,PK,5,3578.19,16.32,65.8,0.17,7.03,369.68,498.44,9.88,2024-12-30 18:00:12
Karachi,67.0822,24.9056,Haze,haze,288.05,287.03,288.05,288.05,1019,55,4000,2.57,50,6,2024-12-30 17:58:32,2024-12-30 02:15:51,2024-12-30 12:52:21,PK,5,6515.5,76.89,117.9,0.0,41.01,398.71,500.7,79.04,2024-12-30 18:00:14
Islamabad,73.1338,33.7104,Clouds,scattered clouds,281.95,280.75,281.95,281.95,1021,69,10000,2.23,38,37,2024-12-30 18:00:14,2024-12-30 02:11:41,2024-12-30 12:08:06,PK,5,4325.87,34.42,142.57,0.0,16.45,204.56,282.46,45.6,2024-12-30 18:00:15
Lahore,74.3436,31.5497,Fog,fog,281.14,281.14,281.14,281.14,1019,100,150,0.0,0,100,2024-12-30 19:58:14,2024-12-31 02:01:49,2024-12-31 12:09:13,PK,5,2723.69,4.08,45.24,1.45,3.64,310.51,402.71,5.07,2024-12-30 19:58:20
Karachi,67.0822,24.9056,Haze,haze,289.05,287.71,289.05,289.05,1018,39,4000,2.57,40,31,2024-12-30 19:53:39,2024-12-31 02:16:10,2024-12-31 12:52:58,PK,5,3738.4,29.06,91.85,0.03,22.89,235.36,326.63,40.53,2024-12-30 19:58:21
Islamabad,73.1338,33.7104,Clouds,overcast clouds,281.95,281.42,281.95,281.95,1020,67,10000,1.51,23,92,2024-12-30 19:56:56,2024-12-31 02:11:55,2024-12-31 12:08:47,PK,5,3124.24,9.95,97.33,0.41,8.35,164.37,222.93,24.07,2024-12-30 19:58:24
Lahore,74.3436,31.5497,Mist,mist,284.14,283.44,284.14,284.14,1021,82,1000,0.0,0,40,2024-12-31 05:51:45,2024-12-31 02:01:49,2024-12-31 12:09:13,PK,5,4966.74,63.48,64.43,15.38,8.94,427.54,573.3,13.68,2024-12-31 05:52:51
Karachi,67.0822,24.9056,Haze,haze,294.05,292.98,294.05,294.05,1021,30,3000,4.12,60,37,2024-12-31 05:47:47,2024-12-31 02:16:10,2024-12-31 12:52:58,PK,5,6462.1,70.63,143.95,37.55,47.68,386.04,471.27,73.97,2024-12-31 05:52:51
Islamabad,73.1338,33.7104,Clouds,broken clouds,286.39,285.18,286.39,286.39,1021,54,10000,1.29,244,77,2024-12-31 05:47:06,2024-12-31 02:11:55,2024-12-31 12:08:47,PK,5,3471.38,49.17,71.97,25.03,7.15,172.82,224.15,17.99,2024-12-31 05:52:52
Lahore,74.3436,31.5497,Mist,mist,284.14,283.44,284.14,284.14,1021,82,1000,0.0,0,40,2024-12-31 05:42:54,2024-12-31 02:01:49,2024-12-31 12:09:13,PK,5,4966.74,63.48,64.43,15.38,8.94,427.54,573.3,13.68,2024-12-31 05:52:51
Karachi,67.0822,24.9056,Haze,haze,294.05,292.98,294.05,294.05,1021,30,3000,4.12,60,37,2024-12-31 05:47:47,2024-12-31 02:16:10,2024-12-31 12:52:58,PK,5,6462.1,70.63,143.95,37.55,47.68,386.04,471.27,73.97,2024-12-31 05:53:04
Islamabad,73.1338,33.7104,Clouds,broken clouds,286.95,285.74,286.95,286.95,1021,52,10000,1.29,244,77,2024-12-31 05:50:23,2024-12-31 02:11:55,2024-12-31 12:08:47,PK,5,3471.38,49.17,71.97,25.03,7.15,172.82,224.15,17.99,2024-12-31 05:52:52
Lahore,74.3436,31.5497,Mist,mist,284.14,283.44,284.14,284.14,1021,82,1000,0.0,0,40,2024-12-31 06:00:05,2024-12-31 02:01:49,2024-12-31 12:09:13,PK,5,4966.74,63.48,64.43,15.38,8.94,427.54,573.3,13.68,2024-12-31 06:00:08
Karachi,67.0822,24.9056,Haze,haze,295.05,293.97,295.05,295.05,1021,26,3000,3.6,60,37,2024-12-31 06:00:01,2024-12-31 02:16:10,2024-12-31 12:52:58,PK,5,6462.1,70.63,143.95,37.55,47.68,386.04,471.27,73.97,2024-12-31 06:00:09
Islamabad,73.1338,33.7104,Clouds,broken clouds,287.5,286.37,287.5,287.5,1021,53,10000,1.29,244,77,2024-12-31 05:56:21,2024-12-31 02:11:55,2024-12-31 12:08:47,PK,5,3471.38,49.17,71.97,25.03,7.15,172.82,224.15,17.99,2024-12-31 06:00:10
Lahore,74.3436,31.5497,Mist,mist,285.14,284.54,285.14,285.14,1021,82,1200,3.09,180,40,2024-12-31 06:55:21,2024-12-31 02:01:49,2024-12-31 12:09:13,PK,5,1976.01,4.86,35.99,121.59,22.41,263.31,347.14,2.0,2024-12-31 07:00:07
Karachi,67.0822,24.9056,Haze,haze,297.05,296.07,297.05,297.05,1020,22,3000,5.14,90,100,2024-12-31 06:58:14,2024-12-31 02:16:10,2024-12-31 12:52:58,PK,5,1869.2,9.84,54.84,125.89,42.92,134.98,184.11,18.24,2024-12-31 07:00:08
Islamabad,73.1338,33.7104,Clouds,overcast clouds,289.17,288.0,289.17,289.17,1020,45,10000,1.86,250,100,2024-12-31 06:57:49,2024-12-31 02:11:55,2024-12-31 12:08:47,PK,5,1708.98,8.16,41.81,95.84,9.66,120.87,145.31,11.65,2024-12-31 07:00:09
Lahore,74.3436,31.5497,Smoke,smoke,286.14,285.35,286.14,286.14,1019,71,1500,2.57,180,40,2024-12-31 08:26:20,2024-12-31 02:01:49,2024-12-31 12:09:13,PK,5,1642.23,2.15,23.99,158.79,26.23,258.35,334.26,1.54,2024-12-31 08:27:46
Karachi,67.0822,24.9056,Haze,haze,298.05,297.07,298.05,298.05,1019,18,4000,2.57,70,57,2024-12-31 08:15:14,2024-12-31 02:16:10,2024-12-31 12:52:58,PK,5,1468.66,5.59,42.16,164.51,40.05,125.15,170.73,14.31,2024-12-31 08:27:47
Islamabad,73.1338,33.7104,Clouds,overcast clouds,290.84,289.74,290.84,290.84,1019,41,10000,2.0,250,96,2024-12-31 08:27:47,2024-12-31 02:11:55,2024-12-31 12:08:47,PK,5,1735.69,7.94,43.87,103.0,10.61,127.91,151.97,12.16,2024-12-31 08:27:48
Lahore,74.3436,31.5497,Smoke,smoke,287.14,286.34,287.14,287.14,1018,67,1500,2.57,220,40,2024-12-31 08:57:46,2024-12-31 02:01:49,2024-12-31 12:09:13,PK,5,1655.58,1.55,22.62,177.38,29.33,266.8,341.79,2.38,2024-12-31 09:00:10
Karachi,67.0822,24.9056,Haze,haze,299.05,298.06,299.05,299.05,1018,14,5000,2.06,60,40,2024-12-31 08:55:40,2024-12-31 02:16:10,2024-12-31 12:52:58,PK,5,1455.31,3.86,39.76,205.99,41.49,143.0,188.71,14.31,2024-12-31 09:00:12
Islamabad,73.1338,33.7104,Clouds,overcast clouds,291.39,290.24,291.39,291.39,1018,37,10000,2.13,233,85,2024-12-31 08:57:03,2024-12-31 02:11:55,2024-12-31 12:08:47,PK,5,1976.01,8.83,54.15,101.57,11.8,143.87,170.23,13.3,2024-12-31 09:00:12
Lahore,74.3436,31.5497,Smoke,smoke,287.14,286.34,287.14,287.14,1018,67,1500,2.57,270,20,2024-12-31 09:56:24,2024-12-31 02:01:49,2024-12-31 12:09:13,PK,5,1976.01,2.4,38.39,153.07,28.37,285.55,366.12,7.03,2024-12-31 10:00:08
Karachi,67.0822,24.9056,Haze,haze,299.05,298.06,299.05,299.05,1017,14,5000,2.06,90,40,2024-12-31 09:55:29,2024-12-31 02:16:10,2024-12-31 12:52:58,PK,5,1161.58,2.32,28.45,217.44,31.47,121.59,165.62,11.4,2024-12-31 10:00:09
Islamabad,73.1338,33.7104,Clouds,overcast clouds,291.39,290.21,291.39,291.39,1018,36,10000,2.08,234,88,2024-12-31 09:55:14,2024-12-31 02:11:55,2024-12-31 12:08:47,PK,5,2189.64,8.38,69.23,98.71,13.35,160.0,189.19,17.23,2024-12-31 10:00:09
Lahore,74.3436,31.5497,Smoke,smoke,287.14,286.34,287.14,287.14,1018,67,1000,2.57,20,40,2024-12-31 11:04:16,2024-12-31 02:01:49,2024-12-31 12:09:13,PK,5,2349.85,2.93,66.49,84.4,17.88,297.41,398.47,14.19,2024-12-31 11:08:49
Karachi,67.0822,24.9056,Clouds,scattered clouds,299.05,298.09,299.05,299.05,1017,15,6000,2.06,360,40,2024-12-31 11:05:25,2024-12-31 02:16:10,2024-12-31 12:52:58,PK,5,1335.14,2.29,35.99,185.97,38.15,99.68,136.82,13.43,2024-12-31 11:08:50
Islamabad,73.1338,33.7104,Clouds,overcast clouds,291.95,290.9,291.95,291.95,1018,39,10000,1.52,240,90,2024-12-31 11:07:36,2024-12-31 02:11:55,2024-12-31 12:08:47,PK,5,1976.01,5.76,75.4,88.69,10.49,139.19,166.13,19.25,2024-12-31 11:08:51
Lahore,74.3436,31.5497,Smoke,smoke,285.14,284.38,285.14,285.14,1019,76,1000,2.57,240,40,2024-12-31 13:59:58,2024-12-31 02:01:49,2024-12-31 12:09:13,PK,5,3524.78,25.71,93.22,0.04,12.88,375.48,508.67,25.08,2024-12-31 14:09:08
Karachi,67.0822,24.9056,Haze,haze,295.05,293.92,295.05,295.05,1018,24,5000,2.06,120,20,2024-12-31 14:06:18,2024-12-31 02:16:10,2024-12-31 12:52:58,PK,5,6675.72,14.53,244.02,4.02,76.29,391.6,460.08,64.85,2024-12-31 14:09:09
Islamabad,73.1338,33.7104,Clouds,scattered clouds,287.5,286.27,287.5,287.5,1020,49,10000,1.36,2,50,2024-12-31 14:07:20,2024-12-31 02:11:55,2024-12-31 12:08:47,PK,5,4058.84,37.1,169.99,0.0,17.41,205.22,257.89,44.08,2024-12-31 14:09:22
Lahore,74.3436,31.5497,Smoke,smoke,285.14,284.38,285.14,285.14,1019,76,1000,1.54,300,40,2024-12-31 14:07:22,2024-12-31 02:01:49,2024-12-31 12:09:13,PK,5,3524.78,25.71,93.22,0.04,12.88,375.48,508.67,25.08,2024-12-31 14:09:08
Karachi,67.0822,24.9056,Haze,haze,295.05,293.92,295.05,295.05,1018,24,5000,2.06,120,20,2024-12-31 14:07:10,2024-12-31 02:16:10,2024-12-31 12:52:58,PK,5,6675.72,14.53,244.02,4.02,76.29,391.6,460.08,64.85,2024-12-31 14:09:09
Islamabad,73.1338,33.7104,Clouds,scattered clouds,287.5,286.27,287.5,287.5,1020,49,10000,1.36,2,50,2024-12-31 14:04:31,2024-12-31 02:11:55,2024-12-31 12:08:47,PK,5,4058.84,37.1,169.99,0.0,17.41,205.22,257.89,44.08,2024-12-31 14:09:22
Lahore,74.3436,31.5497,Smoke,smoke,285.14,284.38,285.14,285.14,1019,76,1200,1.54,310,40,2024-12-31 15:28:33,2024-12-31 02:01:49,2024-12-31 12:09:13,PK,5,3631.59,22.58,73.34,0.05,12.4,435.55,587.83,26.85,2024-12-31 15:31:31
Karachi,67.0822,24.9056,Haze,haze,293.05,291.83,293.05,293.05,1019,28,5000,2.06,30,20,2024-12-31 15:31:31,2024-12-31 02:16:10,2024-12-31 12:52:58,PK,5,8010.86,59.9,194.67,0.0,52.45,528.5,608.86,84.1,2024-12-31 15:31:32
Islamabad,73.1338,33.7104,Clouds,broken clouds,285.84,284.65,285.84,285.84,1020,57,10000,1.89,27,67,2024-12-31 15:29:35,2024-12-31 02:11:55,2024-12-31 12:08:47,PK,5,4112.24,38.45,159.03,0.0,16.93,192.83,263.02,49.65,2024-12-31 15:31:59
